{
  "rmse": 783.5063195189397,
  "mae": 516.4593764640802,
  "mape": 0.09042833450137339,
  "r2": 0.9567577696842023
}