n_samples,rmse,mae,mape,r2,mean_residual,std_residual,min_residual,max_residual
210735,783.5063195189397,516.4593764640802,0.09042833450137339,0.9567577696842023,127.03412457203068,773.139369014625,-12588.402707439152,11337.243661456616
