{
  "baseline_mean": {
    "rmse": 3769.9977611382187,
    "mae": 2883.0260968855537,
    "mape": 0.318540438886031,
    "r2": -0.0026821081857300033
  },
  "linear_regression": {
    "rmse": 1274.0876614801577,
    "mae": 912.2979981698044,
    "mape": 0.1365250312104193,
    "r2": 0.8854804320815512
  },
  "random_forest": {
    "rmse": 792.7871479353073,
    "mae": 503.45363942415594,
    "mape": 0.08922978437739838,
    "r2": 0.9556601435196226
  },
  "hist_gradient_boosting": {
    "rmse": 791.8964042847874,
    "mae": 522.4239526050665,
    "mape": 0.09164487242406791,
    "r2": 0.955759724492859
  },
  "hist_gradient_boosting_tuned": {
    "rmse": 773.1436421427585,
    "mae": 511.8218987301806,
    "mape": 0.08910779527388173,
    "r2": 0.9578302080258214
  }
}